Workbook

Sheet About
A1: NHS England A&E Performance Analysis
A3: Purpose | B3: Track A&E demand, the 4-hour standard and long waits for a bed in England, from November 2010 to the latest month.
A4: Source | B4: NHS England, Monthly A&E Time Series September 2026, published 8 October 2026. https://www.england.nhs.uk/statistics/statistical-work-areas/ae-waiting-times-and-activity/
A5: Coverage | B5: Nov 2010 to Sep 2026 (191 months), England, all NHS and independent sector providers.
A6: Sheets | B6: Data: one row per month, with calculated % columns. FY Summary: totals and % by financial year, with charts. Month Lookup: choose a month and compare with a year earlier. Seasonality: average by calendar month over a chosen window.
A7: Yellow cells | B7: Inputs you can change. Blue text = typed-in value; black = formula.
A8: Type 1 | B8: Major emergency departments (consultant-led, 24-hour). Type 3 = urgent treatment centres and minor injury units.
A9: Caveat 1 | B9: Nov 2010 to May 2015 were estimated by NHS England from weekly returns.
A10: Caveat 2 | B10: May 2019 to May 2023: 14 trusts testing new standards (CRS) are missing from the 4-hour figures, so performance in this period is not fully comparable.
A11: Caveat 3 | B11: From Aug 2020 attendances include booked appointments.
A12: Caveat 4 | B12: Aug 2022 to Feb 2023: a cyber-attack caused a shortfall in Type 3 attendances.
A13: Licence | B13: Contains public sector information licensed under the Open Government Licence v3.0.

Sheet FY Summary
A1: A&E demand and 4-hour performance by NHS financial year
A2: All figures are formulas over the Data sheet (SUMIFS / COUNTIFS). Years with fewer than 12 months of data are marked as partial.
A4: Financial year | B4: Months of data | C4: Total attendances | D4: Change vs previous year | E4: Type 1 attendances | F4: Emergency admissions | G4: % within 4h (all) | H4: % within 4h (Type 1) | I4: Change in Type 1 % (points) | J4: 12h waits for a bed | K4: Status | M4: 4-hour standard | N4: 0.95
A5: 2010-11 | B5: =COUNTIFS(Data!$C$2:$C$192,$A5) -> 5 | C5: =SUMIFS(Data!$F$2:$F$192,Data!$C$2:$C$192,$A5) -> 8579370 | D5: ="" | E5: =SUMIFS(Data!$G$2:$G$192,Data!$C$2:$C$192,$A5) -> 5683309 | F5: =SUMIFS(Data!$I$2:$I$192,Data!$C$2:$C$192,$A5) -> 2171884 | G5: =SUMIFS(Data!$K$2:$K$192,Data!$C$2:$C$192,$A5)/(SUMIFS(Data!$K$2:$K$192,Data!$C$2:$C$192,$A5)+SUMIFS(Data!$L$2:$L$192,Data!$C$2:$C$192,$A5)) -> 0.96324229 | H5: =SUMIFS(Data!$M$2:$M$192,Data!$C$2:$C$192,$A5)/(SUMIFS(Data!$M$2:$M$192,Data!$C$2:$C$192,$A5)+SUMIFS(Data!$N$2:$N$192,Data!$C$2:$C$192,$A5)) -> 0.94532234 | I5: ="" | J5: =SUMIFS(Data!$O$2:$O$192,Data!$C$2:$C$192,$A5) -> 38 | K5: =IF(B5<12,"Partial year","Complete") -> Partial year | M5: Type 1 % below the standard is shown in red.
A6: 2011-12 | B6: =COUNTIFS(Data!$C$2:$C$192,$A6) -> 12 | C6: =SUMIFS(Data!$F$2:$F$192,Data!$C$2:$C$192,$A6) -> 21605067 | D6: =IF(AND(B6=12,B5=12),C6/C5-1,"") | E6: =SUMIFS(Data!$G$2:$G$192,Data!$C$2:$C$192,$A6) -> 14095072 | F6: =SUMIFS(Data!$I$2:$I$192,Data!$C$2:$C$192,$A6) -> 5119724 | G6: =SUMIFS(Data!$K$2:$K$192,Data!$C$2:$C$192,$A6)/(SUMIFS(Data!$K$2:$K$192,Data!$C$2:$C$192,$A6)+SUMIFS(Data!$L$2:$L$192,Data!$C$2:$C$192,$A6)) -> 0.96622186 | H6: =SUMIFS(Data!$M$2:$M$192,Data!$C$2:$C$192,$A6)/(SUMIFS(Data!$M$2:$M$192,Data!$C$2:$C$192,$A6)+SUMIFS(Data!$N$2:$N$192,Data!$C$2:$C$192,$A6)) -> 0.9490583 | I6: =IF(AND(B6=12,B5=12),(H6-H5)*100,"") | J6: =SUMIFS(Data!$O$2:$O$192,Data!$C$2:$C$192,$A6) -> 124 | K6: =IF(B6<12,"Partial year","Complete") -> Complete
A7: 2012-13 | B7: =COUNTIFS(Data!$C$2:$C$192,$A7) -> 12 | C7: =SUMIFS(Data!$F$2:$F$192,Data!$C$2:$C$192,$A7) -> 21802375 | D7: =IF(AND(B7=12,B6=12),C7/C6-1,"") -> 0.0091324873 | E7: =SUMIFS(Data!$G$2:$G$192,Data!$C$2:$C$192,$A7) -> 14293617 | F7: =SUMIFS(Data!$I$2:$I$192,Data!$C$2:$C$192,$A7) -> 5214511 | G7: =SUMIFS(Data!$K$2:$K$192,Data!$C$2:$C$192,$A7)/(SUMIFS(Data!$K$2:$K$192,Data!$C$2:$C$192,$A7)+SUMIFS(Data!$L$2:$L$192,Data!$C$2:$C$192,$A7)) -> 0.95856374 | H7: =SUMIFS(Data!$M$2:$M$192,Data!$C$2:$C$192,$A7)/(SUMIFS(Data!$M$2:$M$192,Data!$C$2:$C$192,$A7)+SUMIFS(Data!$N$2:$N$192,Data!$C$2:$C$192,$A7)) -> 0.93769618 | I7: =IF(AND(B7=12,B6=12),(H7-H6)*100,"") -> -1.1362118 | J7: =SUMIFS(Data!$O$2:$O$192,Data!$C$2:$C$192,$A7) -> 170 | K7: =IF(B7<12,"Partial year","Complete") -> Complete
A8: 2013-14 | B8: =COUNTIFS(Data!$C$2:$C$192,$A8) -> 12 | C8: =SUMIFS(Data!$F$2:$F$192,Data!$C$2:$C$192,$A8) -> 21842944 | D8: =IF(AND(B8=12,B7=12),C8/C7-1,"") -> 0.0018607606 | E8: =SUMIFS(Data!$G$2:$G$192,Data!$C$2:$C$192,$A8) -> 14254974 | F8: =SUMIFS(Data!$I$2:$I$192,Data!$C$2:$C$192,$A8) -> 5288080 | G8: =SUMIFS(Data!$K$2:$K$192,Data!$C$2:$C$192,$A8)/(SUMIFS(Data!$K$2:$K$192,Data!$C$2:$C$192,$A8)+SUMIFS(Data!$L$2:$L$192,Data!$C$2:$C$192,$A8)) -> 0.9568364 | H8: =SUMIFS(Data!$M$2:$M$192,Data!$C$2:$C$192,$A8)/(SUMIFS(Data!$M$2:$M$192,Data!$C$2:$C$192,$A8)+SUMIFS(Data!$N$2:$N$192,Data!$C$2:$C$192,$A8)) -> 0.93483754 | I8: =IF(AND(B8=12,B7=12),(H8-H7)*100,"") -> -0.28586416 | J8: =SUMIFS(Data!$O$2:$O$192,Data!$C$2:$C$192,$A8) -> 242 | K8: =IF(B8<12,"Partial year","Complete") -> Complete
A9: 2014-15 | B9: =COUNTIFS(Data!$C$2:$C$192,$A9) -> 12 | C9: =SUMIFS(Data!$F$2:$F$192,Data!$C$2:$C$192,$A9) -> 22416140 | D9: =IF(AND(B9=12,B8=12),C9/C8-1,"") -> 0.026241701 | E9: =SUMIFS(Data!$G$2:$G$192,Data!$C$2:$C$192,$A9) -> 14623472 | F9: =SUMIFS(Data!$I$2:$I$192,Data!$C$2:$C$192,$A9) -> 5497524 | G9: =SUMIFS(Data!$K$2:$K$192,Data!$C$2:$C$192,$A9)/(SUMIFS(Data!$K$2:$K$192,Data!$C$2:$C$192,$A9)+SUMIFS(Data!$L$2:$L$192,Data!$C$2:$C$192,$A9)) -> 0.93633628 | H9: =SUMIFS(Data!$M$2:$M$192,Data!$C$2:$C$192,$A9)/(SUMIFS(Data!$M$2:$M$192,Data!$C$2:$C$192,$A9)+SUMIFS(Data!$N$2:$N$192,Data!$C$2:$C$192,$A9)) -> 0.90401526 | I9: =IF(AND(B9=12,B8=12),(H9-H8)*100,"") -> -3.0822279 | J9: =SUMIFS(Data!$O$2:$O$192,Data!$C$2:$C$192,$A9) -> 1246 | K9: =IF(B9<12,"Partial year","Complete") -> Complete
A10: 2015-16 | B10: =COUNTIFS(Data!$C$2:$C$192,$A10) -> 12 | C10: =SUMIFS(Data!$F$2:$F$192,Data!$C$2:$C$192,$A10) -> 22930103 | D10: =IF(AND(B10=12,B9=12),C10/C9-1,"") -> 0.022928256 | E10: =SUMIFS(Data!$G$2:$G$192,Data!$C$2:$C$192,$A10) -> 14968636 | F10: =SUMIFS(Data!$I$2:$I$192,Data!$C$2:$C$192,$A10) -> 5656122 | G10: =SUMIFS(Data!$K$2:$K$192,Data!$C$2:$C$192,$A10)/(SUMIFS(Data!$K$2:$K$192,Data!$C$2:$C$192,$A10)+SUMIFS(Data!$L$2:$L$192,Data!$C$2:$C$192,$A10)) -> 0.91917615 | H10: =SUMIFS(Data!$M$2:$M$192,Data!$C$2:$C$192,$A10)/(SUMIFS(Data!$M$2:$M$192,Data!$C$2:$C$192,$A10)+SUMIFS(Data!$N$2:$N$192,Data!$C$2:$C$192,$A10)) -> 0.87891789 | I10: =IF(AND(B10=12,B9=12),(H10-H9)*100,"") -> -2.5097372 | J10: =SUMIFS(Data!$O$2:$O$192,Data!$C$2:$C$192,$A10) -> 1013 | K10: =IF(B10<12,"Partial year","Complete") -> Complete
A11: 2016-17 | B11: =COUNTIFS(Data!$C$2:$C$192,$A11) -> 12 | C11: =SUMIFS(Data!$F$2:$F$192,Data!$C$2:$C$192,$A11) -> 23362301 | D11: =IF(AND(B11=12,B10=12),C11/C10-1,"") -> 0.018848498 | E11: =SUMIFS(Data!$G$2:$G$192,Data!$C$2:$C$192,$A11) -> 15262758 | F11: =SUMIFS(Data!$I$2:$I$192,Data!$C$2:$C$192,$A11) -> 5800183 | G11: =SUMIFS(Data!$K$2:$K$192,Data!$C$2:$C$192,$A11)/(SUMIFS(Data!$K$2:$K$192,Data!$C$2:$C$192,$A11)+SUMIFS(Data!$L$2:$L$192,Data!$C$2:$C$192,$A11)) -> 0.891259 | H11: =SUMIFS(Data!$M$2:$M$192,Data!$C$2:$C$192,$A11)/(SUMIFS(Data!$M$2:$M$192,Data!$C$2:$C$192,$A11)+SUMIFS(Data!$N$2:$N$192,Data!$C$2:$C$192,$A11)) -> 0.8368002 | I11: =IF(AND(B11=12,B10=12),(H11-H10)*100,"") -> -4.2117689 | J11: =SUMIFS(Data!$O$2:$O$192,Data!$C$2:$C$192,$A11) -> 3502 | K11: =IF(B11<12,"Partial year","Complete") -> Complete
A12: 2017-18 | B12: =COUNTIFS(Data!$C$2:$C$192,$A12) -> 12 | C12: =SUMIFS(Data!$F$2:$F$192,Data!$C$2:$C$192,$A12) -> 23830120 | D12: =IF(AND(B12=12,B11=12),C12/C11-1,"") -> 0.020024526 | E12: =SUMIFS(Data!$G$2:$G$192,Data!$C$2:$C$192,$A12) -> 15372467 | F12: =SUMIFS(Data!$I$2:$I$192,Data!$C$2:$C$192,$A12) -> 6016526 | G12: =SUMIFS(Data!$K$2:$K$192,Data!$C$2:$C$192,$A12)/(SUMIFS(Data!$K$2:$K$192,Data!$C$2:$C$192,$A12)+SUMIFS(Data!$L$2:$L$192,Data!$C$2:$C$192,$A12)) -> 0.88339601 | H12: =SUMIFS(Data!$M$2:$M$192,Data!$C$2:$C$192,$A12)/(SUMIFS(Data!$M$2:$M$192,Data!$C$2:$C$192,$A12)+SUMIFS(Data!$N$2:$N$192,Data!$C$2:$C$192,$A12)) -> 0.8236449 | I12: =IF(AND(B12=12,B11=12),(H12-H11)*100,"") -> -1.3155306 | J12: =SUMIFS(Data!$O$2:$O$192,Data!$C$2:$C$192,$A12) -> 3471 | K12: =IF(B12<12,"Partial year","Complete") -> Complete
A13: 2018-19 | B13: =COUNTIFS(Data!$C$2:$C$192,$A13) -> 12 | C13: =SUMIFS(Data!$F$2:$F$192,Data!$C$2:$C$192,$A13) -> 24826982 | D13: =IF(AND(B13=12,B12=12),C13/C12-1,"") -> 0.041832018 | E13: =SUMIFS(Data!$G$2:$G$192,Data!$C$2:$C$192,$A13) -> 15679999 | F13: =SUMIFS(Data!$I$2:$I$192,Data!$C$2:$C$192,$A13) -> 6369153 | G13: =SUMIFS(Data!$K$2:$K$192,Data!$C$2:$C$192,$A13)/(SUMIFS(Data!$K$2:$K$192,Data!$C$2:$C$192,$A13)+SUMIFS(Data!$L$2:$L$192,Data!$C$2:$C$192,$A13)) -> 0.8801303 | H13: =SUMIFS(Data!$M$2:$M$192,Data!$C$2:$C$192,$A13)/(SUMIFS(Data!$M$2:$M$192,Data!$C$2:$C$192,$A13)+SUMIFS(Data!$N$2:$N$192,Data!$C$2:$C$192,$A13)) -> 0.81539272 | I13: =IF(AND(B13=12,B12=12),(H13-H12)*100,"") -> -0.82521793 | J13: =SUMIFS(Data!$O$2:$O$192,Data!$C$2:$C$192,$A13) -> 3262 | K13: =IF(B13<12,"Partial year","Complete") -> Complete
A14: 2019-20 | B14: =COUNTIFS(Data!$C$2:$C$192,$A14) -> 12 | C14: =SUMIFS(Data!$F$2:$F$192,Data!$C$2:$C$192,$A14) -> 25017116 | D14: =IF(AND(B14=12,B13=12),C14/C13-1,"") -> 0.0076583614 | E14: =SUMIFS(Data!$G$2:$G$192,Data!$C$2:$C$192,$A14) -> 15810686 | F14: =SUMIFS(Data!$I$2:$I$192,Data!$C$2:$C$192,$A14) -> 6405933 | G14: =SUMIFS(Data!$K$2:$K$192,Data!$C$2:$C$192,$A14)/(SUMIFS(Data!$K$2:$K$192,Data!$C$2:$C$192,$A14)+SUMIFS(Data!$L$2:$L$192,Data!$C$2:$C$192,$A14)) -> 0.84167599 | H14: =SUMIFS(Data!$M$2:$M$192,Data!$C$2:$C$192,$A14)/(SUMIFS(Data!$M$2:$M$192,Data!$C$2:$C$192,$A14)+SUMIFS(Data!$N$2:$N$192,Data!$C$2:$C$192,$A14)) -> 0.75362366 | I14: =IF(AND(B14=12,B13=12),(H14-H13)*100,"") -> -6.1769057 | J14: =SUMIFS(Data!$O$2:$O$192,Data!$C$2:$C$192,$A14) -> 12435 | K14: =IF(B14<12,"Partial year","Complete") -> Complete
A15: 2020-21 | B15: =COUNTIFS(Data!$C$2:$C$192,$A15) -> 12 | C15: =SUMIFS(Data!$F$2:$F$192,Data!$C$2:$C$192,$A15) -> 17429559 | D15: =IF(AND(B15=12,B14=12),C15/C14-1,"") -> -0.30329463 | E15: =SUMIFS(Data!$G$2:$G$192,Data!$C$2:$C$192,$A15) -> 12287284 | F15: =SUMIFS(Data!$I$2:$I$192,Data!$C$2:$C$192,$A15) -> 5357866 | G15: =SUMIFS(Data!$K$2:$K$192,Data!$C$2:$C$192,$A15)/(SUMIFS(Data!$K$2:$K$192,Data!$C$2:$C$192,$A15)+SUMIFS(Data!$L$2:$L$192,Data!$C$2:$C$192,$A15)) -> 0.86804594 | H15: =SUMIFS(Data!$M$2:$M$192,Data!$C$2:$C$192,$A15)/(SUMIFS(Data!$M$2:$M$192,Data!$C$2:$C$192,$A15)+SUMIFS(Data!$N$2:$N$192,Data!$C$2:$C$192,$A15)) -> 0.81345847 | I15: =IF(AND(B15=12,B14=12),(H15-H14)*100,"") -> 5.9834809 | J15: =SUMIFS(Data!$O$2:$O$192,Data!$C$2:$C$192,$A15) -> 14150 | K15: =IF(B15<12,"Partial year","Complete") -> Complete
A16: 2021-22 | B16: =COUNTIFS(Data!$C$2:$C$192,$A16) -> 12 | C16: =SUMIFS(Data!$F$2:$F$192,Data!$C$2:$C$192,$A16) -> 24374967 | D16: =IF(AND(B16=12,B15=12),C16/C15-1,"") -> 0.39848444 | E16: =SUMIFS(Data!$G$2:$G$192,Data!$C$2:$C$192,$A16) -> 16137559 | F16: =SUMIFS(Data!$I$2:$I$192,Data!$C$2:$C$192,$A16) -> 6114952 | G16: =SUMIFS(Data!$K$2:$K$192,Data!$C$2:$C$192,$A16)/(SUMIFS(Data!$K$2:$K$192,Data!$C$2:$C$192,$A16)+SUMIFS(Data!$L$2:$L$192,Data!$C$2:$C$192,$A16)) -> 0.7674448 | H16: =SUMIFS(Data!$M$2:$M$192,Data!$C$2:$C$192,$A16)/(SUMIFS(Data!$M$2:$M$192,Data!$C$2:$C$192,$A16)+SUMIFS(Data!$N$2:$N$192,Data!$C$2:$C$192,$A16)) -> 0.66132692 | I16: =IF(AND(B16=12,B15=12),(H16-H15)*100,"") -> -15.213155 | J16: =SUMIFS(Data!$O$2:$O$192,Data!$C$2:$C$192,$A16) -> 98564 | K16: =IF(B16<12,"Partial year","Complete") -> Complete
A17: 2022-23 | B17: =COUNTIFS(Data!$C$2:$C$192,$A17) -> 12 | C17: =SUMIFS(Data!$F$2:$F$192,Data!$C$2:$C$192,$A17) -> 25348842 | D17: =IF(AND(B17=12,B16=12),C17/C16-1,"") -> 0.0399539 | E17: =SUMIFS(Data!$G$2:$G$192,Data!$C$2:$C$192,$A17) -> 16202978 | F17: =SUMIFS(Data!$I$2:$I$192,Data!$C$2:$C$192,$A17) -> 6020665 | G17: =SUMIFS(Data!$K$2:$K$192,Data!$C$2:$C$192,$A17)/(SUMIFS(Data!$K$2:$K$192,Data!$C$2:$C$192,$A17)+SUMIFS(Data!$L$2:$L$192,Data!$C$2:$C$192,$A17)) -> 0.70797355 | H17: =SUMIFS(Data!$M$2:$M$192,Data!$C$2:$C$192,$A17)/(SUMIFS(Data!$M$2:$M$192,Data!$C$2:$C$192,$A17)+SUMIFS(Data!$N$2:$N$192,Data!$C$2:$C$192,$A17)) -> 0.56661085 | I17: =IF(AND(B17=12,B16=12),(H17-H16)*100,"") -> -9.4716071 | J17: =SUMIFS(Data!$O$2:$O$192,Data!$C$2:$C$192,$A17) -> 410092 | K17: =IF(B17<12,"Partial year","Complete") -> Complete
... A21: 2026-27 | B21: =COUNTIFS(Data!$C$2:$C$192,$A21) -> 6 | C21: =SUMIFS(Data!$F$2:$F$192,Data!$C$2:$C$192,$A21) -> 14515915 | D21: =IF(AND(B21=12,B20=12),C21/C20-1,"") | E21: =SUMIFS(Data!$G$2:$G$192,Data!$C$2:$C$192,$A21) -> 8869187 | F21: =SUMIFS(Data!$I$2:$I$192,Data!$C$2:$C$192,$A21) -> 3195547 | G21: =SUMIFS(Data!$K$2:$K$192,Data!$C$2:$C$192,$A21)/(SUMIFS(Data!$K$2:$K$192,Data!$C$2:$C$192,$A21)+SUMIFS(Data!$L$2:$L$192,Data!$C$2:$C$192,$A21)) -> 0.7539336 | H21: =SUMIFS(Data!$M$2:$M$192,Data!$C$2:$C$192,$A21)/(SUMIFS(Data!$M$2:$M$192,Data!$C$2:$C$192,$A21)+SUMIFS(Data!$N$2:$N$192,Data!$C$2:$C$192,$A21)) -> 0.61710109 | I21: =IF(AND(B21=12,B20=12),(H21-H20)*100,"") | J21: =SUMIFS(Data!$O$2:$O$192,Data!$C$2:$C$192,$A21) -> 290399 | K21: =IF(B21<12,"Partial year","Complete") -> Partial year

Sheet Month Lookup
A1: Month lookup: pick any month and compare with a year earlier
A2: Change the yellow cell (drop-down). Everything else is INDEX/MATCH over the Data sheet.
A4: Selected month | B4: Sep 2026 | D4: Row of selected month | E4: =MATCH($B$4,Data!$B$2:$B$192,0) -> 191
A5: Same month last year | B5: =IFERROR(INDEX(Data!$B$2:$B$192,E5),"Not available") -> Sep 2025 | D5: Row of last year | E5: =IFERROR(MATCH(EDATE(INDEX(Data!$A$2:$A$192,E4),-12),Data!$A$2:$A$192,0),NA()) -> 179
A7: Measure | B7: Selected month | C7: Same month last year | D7: Change
A8: Total attendances | B8: =INDEX(Data!$F$2:$F$192,$E$4) -> 2444743 | C8: =IFERROR(INDEX(Data!$F$2:$F$192,$E$5),"") -> 2310222 | D8: =IFERROR(B8/C8-1,"") -> 0.058228603
A9: Type 1 attendances | B9: =INDEX(Data!$G$2:$G$192,$E$4) -> 1503149 | C9: =IFERROR(INDEX(Data!$G$2:$G$192,$E$5),"") -> 1417440 | D9: =IFERROR(B9/C9-1,"") -> 0.060467462
A10: Emergency admissions | B10: =INDEX(Data!$I$2:$I$192,$E$4) -> 536158 | C10: =IFERROR(INDEX(Data!$I$2:$I$192,$E$5),"") -> 535580 | D10: =IFERROR(B10/C10-1,"") -> 0.0010792039
A11: % within 4h (all) | B11: =INDEX(Data!$R$2:$R$192,$E$4) -> 0.74363318 | C11: =IFERROR(INDEX(Data!$R$2:$R$192,$E$5),"") -> 0.75050406 | D11: =IFERROR((B11-C11)*100,"") -> -0.68708888
A12: % within 4h (Type 1) | B12: =INDEX(Data!$S$2:$S$192,$E$4) -> 0.60577295 | C12: =IFERROR(INDEX(Data!$S$2:$S$192,$E$5),"") -> 0.61080257 | D12: =IFERROR((B12-C12)*100,"") -> -0.50296263
A13: Type 1 admission rate | B13: =INDEX(Data!$T$2:$T$192,$E$4) -> 0.26256545 | C13: =IFERROR(INDEX(Data!$T$2:$T$192,$E$5),"") -> 0.2787095 | D13: =IFERROR((B13-C13)*100,"") -> -1.614405
A14: 12h waits after decision to admit | B14: =INDEX(Data!$O$2:$O$192,$E$4) -> 50582 | C14: =IFERROR(INDEX(Data!$O$2:$O$192,$E$5),"") -> 44765 | D14: =IFERROR(B14/C14-1,"") -> 0.12994527
A16: Data caveat for selected month | B16: =IF(INDEX(Data!$P$2:$P$192,$E$4)=1,"CRS field test: 14 trusts missing from 4-hour data",IF(INDEX(Data!$Q$2:$Q$192,$E$4)=1,"Estimated by NHS England from weekly data","None")) -> None

Sheet Seasonality
A1: Seasonal pattern: average by calendar month
A2: AVERAGEIFS over the months inside the window below. Change the yellow dates to test other periods.
B4: Window start | C4: 44652 | D4: Default: the four most recent complete financial years (2022-23 to 2025-26).
B5: Window end | C5: 46082
B6: Months in window | C6: =SUM(Data!$U$2:$U$192) -> 48
B8: Month | C8: Avg attendances | D8: Avg % within 4h (Type 1) | E8: Avg 12h waits for a bed
B9: Jan | C9: =AVERAGEIFS(Data!$F$2:$F$192,Data!$D$2:$D$192,$B9,Data!$U$2:$U$192,1) -> 2184147.2 | D9: =AVERAGEIFS(Data!$S$2:$S$192,Data!$D$2:$D$192,$B9,Data!$U$2:$U$192,1) -> 0.57127599 | E9: =AVERAGEIFS(Data!$O$2:$O$192,Data!$D$2:$D$192,$B9,Data!$U$2:$U$192,1) -> 57531.25
B10: Feb | C10: =AVERAGEIFS(Data!$F$2:$F$192,Data!$D$2:$D$192,$B10,Data!$U$2:$U$192,1) -> 2069405.5 | D10: =AVERAGEIFS(Data!$S$2:$S$192,Data!$D$2:$D$192,$B10,Data!$U$2:$U$192,1) -> 0.57736033 | E10: =AVERAGEIFS(Data!$O$2:$O$192,Data!$D$2:$D$192,$B10,Data!$U$2:$U$192,1) -> 45416.75
B11: Mar | C11: =AVERAGEIFS(Data!$F$2:$F$192,Data!$D$2:$D$192,$B11,Data!$U$2:$U$192,1) -> 2339377 | D11: =AVERAGEIFS(Data!$S$2:$S$192,Data!$D$2:$D$192,$B11,Data!$U$2:$U$192,1) -> 0.6068348 | E11: =AVERAGEIFS(Data!$O$2:$O$192,Data!$D$2:$D$192,$B11,Data!$U$2:$U$192,1) -> 44022.5
B12: Apr | C12: =AVERAGEIFS(Data!$F$2:$F$192,Data!$D$2:$D$192,$B12,Data!$U$2:$U$192,1) -> 2150231.2 | D12: =AVERAGEIFS(Data!$S$2:$S$192,Data!$D$2:$D$192,$B12,Data!$U$2:$U$192,1) -> 0.601368 | E12: =AVERAGEIFS(Data!$O$2:$O$192,Data!$D$2:$D$192,$B12,Data!$U$2:$U$192,1) -> 34349.25
B13: May | C13: =AVERAGEIFS(Data!$F$2:$F$192,Data!$D$2:$D$192,$B13,Data!$U$2:$U$192,1) -> 2323198.2 | D13: =AVERAGEIFS(Data!$S$2:$S$192,Data!$D$2:$D$192,$B13,Data!$U$2:$U$192,1) -> 0.60333756 | E13: =AVERAGEIFS(Data!$O$2:$O$192,Data!$D$2:$D$192,$B13,Data!$U$2:$U$192,1) -> 34150.25
B14: Jun | C14: =AVERAGEIFS(Data!$F$2:$F$192,Data!$D$2:$D$192,$B14,Data!$U$2:$U$192,1) -> 2265765.8 | D14: =AVERAGEIFS(Data!$S$2:$S$192,Data!$D$2:$D$192,$B14,Data!$U$2:$U$192,1) -> 0.60284124 | E14: =AVERAGEIFS(Data!$O$2:$O$192,Data!$D$2:$D$192,$B14,Data!$U$2:$U$192,1) -> 31323.5
B15: Jul | C15: =AVERAGEIFS(Data!$F$2:$F$192,Data!$D$2:$D$192,$B15,Data!$U$2:$U$192,1) -> 2278785 | D15: =AVERAGEIFS(Data!$S$2:$S$192,Data!$D$2:$D$192,$B15,Data!$U$2:$U$192,1) -> 0.60626781 | E15: =AVERAGEIFS(Data!$O$2:$O$192,Data!$D$2:$D$192,$B15,Data!$U$2:$U$192,1) -> 31202
B16: Aug | C16: =AVERAGEIFS(Data!$F$2:$F$192,Data!$D$2:$D$192,$B16,Data!$U$2:$U$192,1) -> 2133317 | D16: =AVERAGEIFS(Data!$S$2:$S$192,Data!$D$2:$D$192,$B16,Data!$U$2:$U$192,1) -> 0.60425954 | E16: =AVERAGEIFS(Data!$O$2:$O$192,Data!$D$2:$D$192,$B16,Data!$U$2:$U$192,1) -> 30200.75
B17: Sep | C17: =AVERAGEIFS(Data!$F$2:$F$192,Data!$D$2:$D$192,$B17,Data!$U$2:$U$192,1) -> 2175743.5 | D17: =AVERAGEIFS(Data!$S$2:$S$192,Data!$D$2:$D$192,$B17,Data!$U$2:$U$192,1) -> 0.58855825 | E17: =AVERAGEIFS(Data!$O$2:$O$192,Data!$D$2:$D$192,$B17,Data!$U$2:$U$192,1) -> 37158.75
B18: Oct | C18: =AVERAGEIFS(Data!$F$2:$F$192,Data!$D$2:$D$192,$B18,Data!$U$2:$U$192,1) -> 2293537.5 | D18: =AVERAGEIFS(Data!$S$2:$S$192,Data!$D$2:$D$192,$B18,Data!$U$2:$U$192,1) -> 0.57219942 | E18: =AVERAGEIFS(Data!$O$2:$O$192,Data!$D$2:$D$192,$B18,Data!$U$2:$U$192,1) -> 47817.25
B19: Nov | C19: =AVERAGEIFS(Data!$F$2:$F$192,Data!$D$2:$D$192,$B19,Data!$U$2:$U$192,1) -> 2252108 | D19: =AVERAGEIFS(Data!$S$2:$S$192,Data!$D$2:$D$192,$B19,Data!$U$2:$U$192,1) -> 0.56800901 | E19: =AVERAGEIFS(Data!$O$2:$O$192,Data!$D$2:$D$192,$B19,Data!$U$2:$U$192,1) -> 44198.75
B20: Dec | C20: =AVERAGEIFS(Data!$F$2:$F$192,Data!$D$2:$D$192,$B20,Data!$U$2:$U$192,1) -> 2287767.5 | D20: =AVERAGEIFS(Data!$S$2:$S$192,Data!$D$2:$D$192,$B20,Data!$U$2:$U$192,1) -> 0.54816856 | E20: =AVERAGEIFS(Data!$O$2:$O$192,Data!$D$2:$D$192,$B20,Data!$U$2:$U$192,1) -> 50856.75

Sheet Data
A1: Month | B1: Month label | C1: Financial year | D1: Month name | E1: Season | F1: Total attendances | G1: Type 1 attendances | H1: Type 3 attendances | I1: Emergency admissions | J1: Admitted via Type 1 | K1: Seen within 4h (all) | L1: Over 4h (all) | M1: Seen within 4h (Type 1) | N1: Over 4h (Type 1) | O1: 12h waits after decision to admit | P1: Flag: CRS field test | Q1: Flag: estimated from weekly | R1: % within 4h (all) | S1: % within 4h (Type 1) | T1: Type 1 admission rate | U1: In seasonality window
A2: 40483 | B2: Nov 2010 | C2: 2010-11 | D2: Nov | E2: Autumn | F2: 1651027 | G2: 1111295 | H2: 486005 | I2: 429099 | J2: 297832 | K2: 1604591 | L2: 46436 | M2: 1065456 | N2: 45838 | O2: 2 | P2: 0 | Q2: 1 | R2: =K2/(K2+L2) -> 0.97187448 | S2: =M2/(M2+N2) -> 0.95875259 | T2: =J2/G2 -> 0.26800445 | U2: =IF(AND(A2>=Seasonality!$C$4,A2<=Seasonality!$C$5),1,0) -> 0
A3: 40513 | B3: Dec 2010 | C3: 2010-11 | D3: Dec | E3: Winter | F3: 1737741 | G3: 1159204 | H3: 533001 | I3: 452729 | J3: 318602 | K3: 1647824 | L3: 89917 | M3: 1070729 | N3: 88475 | O3: 15 | P3: 0 | Q3: 1 | R3: =K3/(K3+L3) -> 0.94825639 | S3: =M3/(M3+N3) -> 0.92367607 | T3: =J3/G3 -> 0.2748455 | U3: =IF(AND(A3>=Seasonality!$C$4,A3<=Seasonality!$C$5),1,0) -> 0
A4: 40544 | B4: Jan 2011 | C4: 2010-11 | D4: Jan | E4: Winter | F4: 1727797 | G4: 1133881 | H4: 542331 | I4: 442004 | J4: 308368 | K4: 1654907 | L4: 72889 | M4: 1061898 | N4: 71983 | O4: 17 | P4: 0 | Q4: 1 | R4: =K4/(K4+L4) -> 0.95781389 | S4: =M4/(M4+N4) -> 0.93651627 | T4: =J4/G4 -> 0.27195799 | U4: =IF(AND(A4>=Seasonality!$C$4,A4<=Seasonality!$C$5),1,0) -> 0
A5: 40575 | B5: Feb 2011 | C5: 2010-11 | D5: Feb | E5: Winter | F5: 1599364 | G5: 1053707 | H5: 494408 | I5: 401206 | J5: 276646 | K5: 1552421 | L5: 46943 | M5: 1007385 | N5: 46322 | O5: 3 | P5: 0 | Q5: 1 | R5: =K5/(K5+L5) -> 0.97064896 | S5: =M5/(M5+N5) -> 0.95603901 | T5: =J5/G5 -> 0.26254547 | U5: =IF(AND(A5>=Seasonality!$C$4,A5<=Seasonality!$C$5),1,0) -> 0
A6: 40603 | B6: Mar 2011 | C6: 2010-11 | D6: Mar | E6: Spring | F6: 1863441 | G6: 1225222 | H6: 580319 | I6: 446846 | J6: 308390 | K6: 1804268 | L6: 59173 | M6: 1167090 | N6: 58132 | O6: 1 | P6: 0 | Q6: 1 | R6: =K6/(K6+L6) -> 0.96824531 | S6: =M6/(M6+N6) -> 0.9525539 | T6: =J6/G6 -> 0.25170132 | U6: =IF(AND(A6>=Seasonality!$C$4,A6<=Seasonality!$C$5),1,0) -> 0
A7: 40634 | B7: Apr 2011 | C7: 2011-12 | D7: Apr | E7: Spring | F7: 1844375 | G7: 1197213 | H7: 593120 | I7: 419243 | J7: 295580 | K7: 1786995 | L7: 57380 | M7: 1140917 | N7: 56295 | O7: 6 | P7: 0 | Q7: 1 | R7: =K7/(K7+L7) -> 0.96888919 | S7: =M7/(M7+N7) -> 0.95297825 | T7: =J7/G7 -> 0.24689007 | U7: =IF(AND(A7>=Seasonality!$C$4,A7<=Seasonality!$C$5),1,0) -> 0
A8: 40664 | B8: May 2011 | C8: 2011-12 | D8: May | E8: Spring | F8: 1873695 | G8: 1221687 | H8: 594941 | I8: 427277 | J8: 299961 | K8: 1818890 | L8: 54805 | M8: 1168080 | N8: 53607 | O8: 3 | P8: 0 | Q8: 1 | R8: =K8/(K8+L8) -> 0.97075031 | S8: =M8/(M8+N8) -> 0.95612051 | T8: =J8/G8 -> 0.24553016 | U8: =IF(AND(A8>=Seasonality!$C$4,A8<=Seasonality!$C$5),1,0) -> 0
A9: 40695 | B9: Jun 2011 | C9: 2011-12 | D9: Jun | E9: Summer | F9: 1785417 | G9: 1168468 | H9: 562210 | I9: 413321 | J9: 290244 | K9: 1733716 | L9: 51702 | M9: 1117615 | N9: 50853 | O9: 10 | P9: 0 | Q9: 1 | R9: =K9/(K9+L9) -> 0.97104208 | S9: =M9/(M9+N9) -> 0.95647891 | T9: =J9/G9 -> 0.24839705 | U9: =IF(AND(A9>=Seasonality!$C$4,A9<=Seasonality!$C$5),1,0) -> 0
A10: 40725 | B10: Jul 2011 | C10: 2011-12 | D10: Jul | E10: Summer | F10: 1864959 | G10: 1211066 | H10: 597690 | I10: 425798 | J10: 299077 | K10: 1820074 | L10: 44885 | M10: 1167234 | N10: 43832 | O10: 6 | P10: 0 | Q10: 1 | R10: =K10/(K10+L10) -> 0.97593245 | S10: =M10/(M10+N10) -> 0.96380709 | T10: =J10/G10 -> 0.24695351 | U10: =IF(AND(A10>=Seasonality!$C$4,A10<=Seasonality!$C$5),1,0) -> 0
A11: 40756 | B11: Aug 2011 | C11: 2011-12 | D11: Aug | E11: Summer | F11: 1758108 | G11: 1135801 | H11: 570417 | I11: 410554 | J11: 289884 | K11: 1713032 | L11: 45077 | M11: 1091367 | N11: 44435 | O11: 1 | P11: 0 | Q11: 1 | R11: =K11/(K11+L11) -> 0.97436052 | S11: =M11/(M11+N11) -> 0.96087786 | T11: =J11/G11 -> 0.25522429 | U11: =IF(AND(A11>=Seasonality!$C$4,A11<=Seasonality!$C$5),1,0) -> 0
A12: 40787 | B12: Sep 2011 | C12: 2011-12 | D12: Sep | E12: Autumn | F12: 1781211 | G12: 1162143 | H12: 566738 | I12: 410761 | J12: 291050 | K12: 1725818 | L12: 55392 | M12: 1107671 | N12: 54472 | O12: 9 | P12: 0 | Q12: 1 | R12: =K12/(K12+L12) -> 0.96890204 | S12: =M12/(M12+N12) -> 0.95312797 | T12: =J12/G12 -> 0.2504425 | U12: =IF(AND(A12>=Seasonality!$C$4,A12<=Seasonality!$C$5),1,0) -> 0
A13: 40817 | B13: Oct 2011 | C13: 2011-12 | D13: Oct | E13: Autumn | F13: 1848912 | G13: 1200708 | H13: 593757 | I13: 435080 | J13: 305952 | K13: 1786460 | L13: 62453 | M13: 1139227 | N13: 61481 | O13: 42 | P13: 0 | Q13: 1 | R13: =K13/(K13+L13) -> 0.96622177 | S13: =M13/(M13+N13) -> 0.94879604 | T13: =J13/G13 -> 0.25480966 | U13: =IF(AND(A13>=Seasonality!$C$4,A13<=Seasonality!$C$5),1,0) -> 0
... A192: 46266 | B192: Sep 2026 | C192: 2026-27 | D192: Sep | E192: Autumn | F192: 2444743 | G192: 1503149 | H192: 886081 | I192: 536158 | J192: 394675 | K192: 1817992 | L192: 626751 | M192: 910567 | N192: 592582 | O192: 50582 | P192: 0 | Q192: 0 | R192: =K192/(K192+L192) -> 0.74363318 | S192: =M192/(M192+N192) -> 0.60577295 | T192: =J192/G192 -> 0.26256545 | U192: =IF(AND(A192>=Seasonality!$C$4,A192<=Seasonality!$C$5),1,0) -> 0
